feedback,sentiment,topic
My DILR skills are very aced,positive,DILR
I struggling with QA today,negative,QA
I’m totally good at DILR,negative,DILR
I find very prepared for DILR,negative,DILR
I performing very easy about VARC,positive,VARC
VARC problems are totally great,positive,VARC
I’m totally good at DILR,positive,DILR
My QA skills are totally aced,positive,QA
I think a bit overwhelmed about DILR,negative,DILR
QA is somewhat comfortable,positive,QA
I think a bit prepared for DILR,positive,DILR
DILR is somewhat easy,positive,DILR
I’m confident on DILR,positive,DILR
I’m really struggling with QA,negative,QA
I doing VARC is totally easy,positive,VARC
I need somewhat more practice in QA,negative,QA
VARC is a bit confident,positive,VARC
DILR is easy,positive,DILR
VARC problems are very difficult,negative,VARC
VARC is very overwhelmed,negative,VARC
I performing very difficult about QA,negative,QA
VARC feels a bit straightforward,positive,VARC
DILR is really comfortable,positive,DILR
My DILR skills are very weak,negative,DILR
I find really prepared for DILR,negative,DILR
QA problems are totally struggling,negative,QA
My DILR skills are  comfortable,positive,DILR
I am totally prepared about DILR,positive,DILR
I’m somewhat stuck with VARC,negative,VARC
DILR is really struggling,negative,DILR
I find  prepared for DILR,positive,DILR
My VARC skills are a bit difficult,negative,VARC
VARC is very excellent,positive,VARC
I am  prepared for VARC,positive,VARC
I need a bit more practice in QA,positive,QA
QA is totally aced,positive,QA
I feel  great about QA,positive,QA
I feel somewhat aced about DILR,positive,DILR
QA is  weak,negative,QA
QA is going not great,negative,QA
QA problems are a bit tough,negative,QA
I doing really prepared for VARC,negative,VARC
I’m a bit good at VARC,negative,VARC
I’m totally good at VARC,negative,VARC
I’m confident on DILR,positive,DILR
I’m somewhat good at DILR,negative,DILR
VARC problems are really struggling,negative,VARC
I’m really solid with VARC,positive,VARC
I need  more practice in QA,positive,QA
I’m finding VARC  weak,negative,VARC
I find DILR is somewhat strong,positive,DILR
I’m  good at DILR,negative,DILR
My VARC skills are a bit stuck,negative,VARC
QA problems are somewhat confident,positive,QA
I need more practice in QA,negative,QA
I think DILR is a bit prepared,positive,DILR
QA problems are  great,positive,QA
I’m very good at QA,positive,QA
I’m confident on DILR,positive,DILR
I am  prepared for QA,positive,QA
I find VARC overwhelming,positive,VARC
QA problems are somewhat prepared,positive,QA
DILR problems are somewhat strong,positive,DILR
I aced QA today,positive,QA
DILR is a bit hard,negative,DILR
I’m finding VARC really great,positive,VARC
VARC is easy,positive,VARC
I’m finding VARC  strong,positive,VARC
I’m very easy with VARC,positive,VARC
I am really difficult about QA,negative,QA
DILR is somewhat difficult,negative,DILR
DILR problems are really easy,positive,DILR
DILR is totally confused,negative,DILR
I’m  lost with VARC,negative,VARC
DILR is very confused,negative,DILR
I’m very prepared with QA,positive,QA
I performing very easy about DILR,positive,DILR
I aced QA today,positive,QA
I feel a bit prepared for VARC,positive,VARC
I’m somewhat confident with VARC,positive,VARC
VARC problems are totally prepared,positive,VARC
DILR is hard,negative,DILR
I’m somewhat good at QA,negative,QA
VARC problems are totally overwhelmed,negative,VARC
I’m confident in QA,positive,QA
I feel somewhat prepared for DILR,positive,DILR
I’m confident on DILR,positive,DILR
I’m finding VARC a bit struggling,negative,VARC
I’m very good at VARC,positive,VARC
My VARC skills are totally difficult,negative,VARC
I’m confident in QA,positive,QA
I think  prepared for VARC,positive,VARC
I feel  prepared for DILR,negative,DILR
I think somewhat comfortable about VARC,positive,VARC
I’m finding DILR a bit confident,positive,DILR
I’m totally good at QA,positive,QA
I’m really solid with VARC,positive,VARC
QA problems are really struggling,negative,QA
QA is somewhat struggling,negative,QA
I doing really prepared for DILR,negative,DILR
I’m a bit good at VARC,negative,VARC
I doing really prepared for QA,negative,QA
I aced QA today,positive,QA
I need really more practice in VARC,negative,VARC
I’m really not good at DILR,negative,DILR
I find totally prepared for QA,negative,QA
I’m somewhat easy with QA,positive,QA
My QA skills are a bit difficult,negative,QA
I need very more practice in QA,positive,QA
I think  prepared for VARC,positive,VARC
I’m really not good at DILR,negative,DILR
I’m  prepared with DILR,positive,DILR
DILR is really overwhelmed,negative,DILR
I aced QA today,positive,QA
I think DILR is really aced,positive,DILR
I’m very good at QA,positive,QA
QA is going great,positive,QA
I feel  tough about VARC,negative,VARC
I performing QA is very confused,negative,QA
I’m finding DILR somewhat stuck,negative,DILR
My DILR skills are somewhat solid,positive,DILR
VARC is somewhat tough,negative,VARC
I doing very prepared for DILR,negative,DILR
DILR problems are  hard,negative,DILR
My QA skills are somewhat comfortable,positive,QA
My DILR skills are somewhat difficult,negative,DILR
DILR is hard,negative,DILR
I need very more practice in QA,positive,QA
I feel DILR is totally stuck,negative,DILR
I feel somewhat prepared for QA,negative,QA
I’m somewhat weak with DILR,negative,DILR
I’m somewhat great with DILR,positive,DILR
I’m confident in QA,positive,QA
I’m finding QA very solid,positive,QA
QA problems are really weak,negative,QA
My QA skills are very excellent,positive,QA
My VARC skills are  confident,positive,VARC
I’m really good at QA,positive,QA
I think very overwhelmed about DILR,negative,DILR
I’m somewhat overwhelmed with VARC,negative,VARC
VARC is not easy,negative,VARC
I’m a bit tough with QA,negative,QA
DILR is hard,negative,DILR
I feel somewhat prepared about VARC,positive,VARC
VARC is  great,positive,VARC
I’m somewhat good at DILR,negative,DILR
QA problems are totally strong,positive,QA
VARC is not easy,negative,VARC
I’m very good at VARC,positive,VARC
My VARC skills are somewhat excellent,positive,VARC
I’m finding VARC a bit stuck,negative,VARC
I need really more practice in DILR,negative,DILR
My DILR skills are totally confident,positive,DILR
I’m really easy with QA,positive,QA
QA problems are a bit aced,positive,QA
VARC is totally lost,negative,VARC
QA is  easy,positive,QA
DILR is  aced,positive,DILR
I’m somewhat good at VARC,negative,VARC
My QA skills are  strong,positive,QA
QA is a bit great,positive,QA
I performing a bit hard about QA,negative,QA
I find totally prepared for VARC,positive,VARC
I think VARC is  excellent,positive,VARC
I need really more practice in VARC,negative,VARC
QA is going great,positive,QA
I’m stuck on DILR,negative,DILR
VARC is easy,positive,VARC
I feel QA is  struggling,negative,QA
I’m  strong with QA,positive,QA
I’m really not good at DILR,negative,DILR
VARC feels a bit straightforward,positive,VARC
I aced QA today,positive,QA
I’m finding QA somewhat difficult,negative,QA
DILR problems are very solid,positive,DILR
I feel  great about DILR,positive,DILR
I’m finding VARC very comfortable,positive,VARC
I doing VARC is really overwhelmed,negative,VARC
I’m really good at DILR,positive,DILR
I doing totally prepared for QA,positive,QA
DILR is hard,negative,DILR
I think VARC is totally aced,positive,VARC
I performing very prepared for VARC,negative,VARC
I find VARC overwhelming,positive,VARC
DILR problems are  confident,positive,DILR
I doing QA is  stuck,negative,QA
I feel somewhat prepared for QA,positive,QA
I’m really good at DILR,positive,DILR
I’m really not good at DILR,negative,DILR
I’m really good at DILR,positive,DILR
I’m stuck on DILR,negative,DILR
I am DILR is somewhat difficult,negative,DILR
My DILR skills are  great,positive,DILR
VARC is a bit lost,negative,VARC
I’m somewhat lost with VARC,negative,VARC
I’m finding DILR somewhat struggling,negative,DILR
I feel totally prepared for DILR,negative,DILR
I find  prepared for QA,negative,QA
I performing totally confident about DILR,positive,DILR
I’m  prepared with QA,positive,QA
I need somewhat more practice in VARC,positive,VARC
My DILR skills are totally great,positive,DILR
I am VARC is totally excellent,positive,VARC
I’m  good at DILR,positive,DILR
I doing really prepared for QA,positive,QA
I’m stuck on DILR,negative,DILR
My VARC skills are very comfortable,positive,VARC
I think very comfortable about VARC,positive,VARC
I need somewhat more practice in QA,positive,QA
I find VARC is totally weak,negative,VARC
QA is going not great,negative,QA
I need really more practice in QA,positive,QA
I need totally more practice in VARC,positive,VARC
I need a bit more practice in QA,positive,QA
I’m very good at QA,negative,QA
I performing totally difficult about DILR,negative,DILR
I performing really confident about VARC,positive,VARC
I find somewhat aced about VARC,positive,VARC
I’m finding DILR  comfortable,positive,DILR
I performing  great about DILR,positive,DILR
I’m totally solid with VARC,positive,VARC
I doing totally prepared for VARC,positive,VARC
I’m somewhat good at DILR,positive,DILR
I’m really solid with DILR,positive,DILR
My DILR skills are a bit great,positive,DILR
I’m finding VARC really weak,negative,VARC
QA problems are really overwhelmed,negative,QA
I struggling with QA today,negative,QA
I’m finding QA totally difficult,negative,QA
I’m finding VARC really aced,positive,VARC
I need  more practice in VARC,positive,VARC
I feel QA is a bit hard,negative,QA
I’m  good at VARC,positive,VARC
I’m very strong with DILR,positive,DILR
QA problems are a bit confident,positive,QA
I’m finding DILR a bit confused,negative,DILR
I’m really good at DILR,negative,DILR
I find VARC overwhelming,negative,VARC
I struggling with QA today,negative,QA
I struggling with QA today,negative,QA
QA is going great,positive,QA
I’m finding VARC somewhat solid,positive,VARC
I need more practice in QA,positive,QA
QA is somewhat struggling,negative,QA
VARC problems are very lost,negative,VARC
DILR is very aced,positive,DILR
I find totally solid about VARC,positive,VARC
DILR problems are somewhat stuck,negative,DILR
QA is going great,positive,QA
DILR is hard,negative,DILR
I doing really confused about VARC,negative,VARC
I’m really solid with QA,positive,QA
DILR is easy,positive,DILR
I feel really prepared for VARC,negative,VARC
My DILR skills are a bit struggling,negative,DILR
I’m very good at DILR,positive,DILR
I’m finding QA  comfortable,positive,QA
I’m stuck on DILR,negative,DILR
DILR is hard,negative,DILR
I’m finding VARC totally overwhelmed,negative,VARC
I need  more practice in QA,positive,QA
I need somewhat more practice in DILR,positive,DILR
I’m finding VARC a bit struggling,negative,VARC
I’m finding VARC somewhat stuck,negative,VARC
I’m somewhat confused with DILR,negative,DILR
I’m finding QA somewhat great,positive,QA
I’m confident on DILR,positive,DILR
I need somewhat more practice in DILR,negative,DILR
I’m  weak with QA,negative,QA
My QA skills are really confused,negative,QA
VARC is very tough,negative,VARC
VARC is really weak,negative,VARC
I am  excellent about DILR,positive,DILR
I’m really not good at DILR,negative,DILR
I find DILR is really comfortable,positive,DILR
I performing really hard about QA,negative,QA
I’m  excellent with QA,positive,QA
DILR is easy,positive,DILR
I find VARC overwhelming,negative,VARC
I need more practice in QA,positive,QA
My VARC skills are very overwhelmed,negative,VARC
I aced QA today,positive,QA
I’m finding VARC really aced,positive,VARC
I doing somewhat prepared for DILR,negative,DILR
I need really more practice in DILR,positive,DILR
VARC is very great,positive,VARC
I’m finding VARC a bit comfortable,positive,VARC
I’m finding DILR totally prepared,positive,DILR
I need totally more practice in VARC,negative,VARC
I am a bit tough about VARC,negative,VARC
I feel QA is really hard,negative,QA
I doing really prepared for DILR,positive,DILR
I am really prepared about QA,positive,QA
I feel very excellent about QA,positive,QA
I’m finding DILR very weak,negative,DILR
I’m really good at QA,negative,QA
QA problems are very overwhelmed,negative,QA
I think VARC is  comfortable,positive,VARC
I’m very good at VARC,negative,VARC
I need really more practice in DILR,positive,DILR
My QA skills are really solid,positive,QA
VARC is a bit lost,negative,VARC
I need more practice in QA,positive,QA
I’m finding QA somewhat prepared,positive,QA
DILR is easy,positive,DILR
I’m finding VARC a bit great,positive,VARC
I am VARC is somewhat hard,negative,VARC
I’m totally lost with QA,negative,QA
I feel somewhat prepared for DILR,negative,DILR
I doing VARC is very difficult,negative,VARC
DILR problems are very great,positive,DILR
VARC feels a bit tough,negative,VARC
I’m finding DILR totally aced,positive,DILR
I think very prepared for DILR,negative,DILR
VARC is not easy,negative,VARC
My DILR skills are somewhat struggling,negative,DILR
VARC is not easy,negative,VARC
VARC is easy,positive,VARC
I’m a bit good at DILR,negative,DILR
I’m somewhat good at DILR,positive,DILR
I’m really tough with DILR,negative,DILR
DILR is really strong,positive,DILR
QA is going not great,negative,QA
I need more practice in QA,positive,QA
I’m finding QA a bit struggling,negative,QA
I’m finding QA somewhat weak,negative,QA
I’m very struggling with DILR,negative,DILR
I am  comfortable about DILR,positive,DILR
I think VARC is very great,positive,VARC
DILR is totally lost,negative,DILR
I doing totally prepared for QA,positive,QA
QA problems are very great,positive,QA
I’m finding QA a bit weak,negative,QA
I doing totally prepared for DILR,positive,DILR
I’m not confident in QA,negative,QA
I need very more practice in VARC,positive,VARC
I think DILR is really stuck,negative,DILR
I aced QA today,positive,QA
DILR problems are somewhat confident,positive,DILR
VARC problems are somewhat hard,negative,VARC
I’m really good at DILR,positive,DILR
I feel QA is  struggling,negative,QA
My QA skills are a bit aced,positive,QA
I’m somewhat good at VARC,negative,VARC
VARC is totally great,positive,VARC
VARC problems are totally prepared,positive,VARC
VARC is really confident,positive,VARC
I’m  good at DILR,positive,DILR
I think very hard about DILR,negative,DILR
QA is a bit aced,positive,QA
I’m confident in QA,positive,QA
I performing VARC is really great,positive,VARC
I am DILR is  solid,positive,DILR
I’m  good at DILR,negative,DILR
QA problems are totally hard,negative,QA
I feel  stuck about VARC,negative,VARC
VARC problems are a bit tough,negative,VARC
My VARC skills are a bit comfortable,positive,VARC
QA is very confident,positive,QA
I find VARC overwhelming,positive,VARC
QA is a bit weak,negative,QA
I’m totally good at QA,positive,QA
I doing totally strong about QA,positive,QA
I need  more practice in VARC,positive,VARC
I need totally more practice in DILR,negative,DILR
My VARC skills are somewhat struggling,negative,VARC
I feel really lost about DILR,negative,DILR
I performing DILR is  easy,positive,DILR
QA is really great,positive,QA
I’m really good at QA,negative,QA
I’m a bit lost with QA,negative,QA
My DILR skills are totally difficult,negative,DILR
I’m  good at QA,negative,QA
My VARC skills are a bit aced,positive,VARC
I’m finding DILR somewhat stuck,negative,DILR
My QA skills are very prepared,positive,QA
DILR is easy,positive,DILR
I’m really good at VARC,negative,VARC
I think somewhat prepared for VARC,positive,VARC
I feel QA is a bit solid,positive,QA
I am somewhat prepared for VARC,negative,VARC
VARC problems are really easy,positive,VARC
I’m finding VARC a bit strong,positive,VARC
I’m somewhat good at DILR,positive,DILR
My DILR skills are somewhat excellent,positive,DILR
VARC problems are really stuck,negative,VARC
I doing QA is very easy,positive,QA
I need very more practice in VARC,positive,VARC
My QA skills are really lost,negative,QA
QA is  weak,negative,QA
I feel very prepared for QA,positive,QA
I’m somewhat good at DILR,negative,DILR
My DILR skills are very tough,negative,DILR
I think totally prepared for DILR,positive,DILR
My VARC skills are a bit comfortable,positive,VARC
I think a bit overwhelmed about VARC,negative,VARC
I’m  good at QA,positive,QA
VARC is not easy,negative,VARC
My DILR skills are  comfortable,positive,DILR
I’m  good at QA,negative,QA
DILR problems are a bit weak,negative,DILR
QA is going not great,negative,QA
I’m really overwhelmed with VARC,negative,VARC
I performing very prepared for QA,positive,QA
I performing a bit prepared for QA,negative,QA
I feel  easy about DILR,positive,DILR
I need  more practice in DILR,positive,DILR
My DILR skills are a bit tough,negative,DILR
VARC problems are totally confused,negative,VARC
I find VARC overwhelming,positive,VARC
I struggling with QA today,negative,QA
I’m  hard with VARC,negative,VARC
QA problems are somewhat overwhelmed,negative,QA
I’m very tough with DILR,negative,DILR
DILR is hard,negative,DILR
QA problems are somewhat hard,negative,QA
I am VARC is somewhat solid,positive,VARC
I’m finding DILR a bit overwhelmed,negative,DILR
I’m very good at VARC,negative,VARC
VARC problems are  excellent,positive,VARC
I’m a bit good at DILR,negative,DILR
VARC feels a bit straightforward,positive,VARC
I’m very good at QA,positive,QA
I doing totally confused about QA,negative,QA
I find VARC overwhelming,positive,VARC
QA is really lost,negative,QA
QA problems are totally lost,negative,QA
I am totally prepared for VARC,positive,VARC
I’m really not good at DILR,negative,DILR
I’m stuck on DILR,negative,DILR
I find VARC is  excellent,positive,VARC
I need really more practice in QA,positive,QA
I’m somewhat good at DILR,negative,DILR
My QA skills are really comfortable,positive,QA
I need a bit more practice in DILR,negative,DILR
DILR is easy,positive,DILR
VARC problems are very stuck,negative,VARC
I feel somewhat prepared for QA,positive,QA
I’m totally strong with QA,positive,QA
I performing a bit strong about VARC,positive,VARC
I performing a bit excellent about VARC,positive,VARC
I need a bit more practice in DILR,negative,DILR
I am very tough about QA,negative,QA
I think really tough about DILR,negative,DILR
QA problems are  difficult,negative,QA
I’m very good at DILR,positive,DILR
I’m totally good at VARC,positive,VARC
I aced QA today,positive,QA
I’m finding DILR a bit difficult,negative,DILR
I need more practice in QA,negative,QA
I am a bit prepared for DILR,negative,DILR
I find VARC overwhelming,positive,VARC
I’m really strong with QA,positive,QA
I need more practice in QA,positive,QA
I doing somewhat easy about VARC,positive,VARC
I need  more practice in VARC,negative,VARC
I performing really prepared for VARC,negative,VARC
DILR is hard,negative,DILR
I’m a bit difficult with VARC,negative,VARC
I feel a bit confused about QA,negative,QA
VARC problems are a bit solid,positive,VARC
I performing VARC is totally solid,positive,VARC
I’m confident on DILR,positive,DILR
VARC problems are somewhat difficult,negative,VARC
I need somewhat more practice in DILR,positive,DILR
VARC feels a bit straightforward,positive,VARC
I doing really great about QA,positive,QA
I’m somewhat confident with VARC,positive,VARC
I’m finding QA a bit excellent,positive,QA
I feel DILR is really easy,positive,DILR
DILR problems are  confident,positive,DILR
My DILR skills are totally lost,negative,DILR
My VARC skills are really prepared,positive,VARC
I find VARC overwhelming,negative,VARC
I’m totally excellent with QA,positive,QA
I think a bit prepared for QA,negative,QA
VARC problems are  overwhelmed,negative,VARC
VARC is not easy,negative,VARC
VARC feels a bit tough,negative,VARC
I doing DILR is very comfortable,positive,DILR
DILR is really weak,negative,DILR
I am VARC is totally solid,positive,VARC
My DILR skills are somewhat easy,positive,DILR
My QA skills are really aced,positive,QA
I need totally more practice in QA,negative,QA
My VARC skills are somewhat comfortable,positive,VARC
VARC is  overwhelmed,negative,VARC
I’m really good at DILR,positive,DILR
VARC feels a bit tough,negative,VARC
DILR is totally hard,negative,DILR
I’m totally good at QA,positive,QA
I’m totally good at DILR,positive,DILR
I’m  overwhelmed with QA,negative,QA
I’m finding QA somewhat struggling,negative,QA
QA is totally confused,negative,QA
VARC feels a bit tough,negative,VARC
I’m finding QA  overwhelmed,negative,QA
I’m somewhat good at DILR,positive,DILR
I’m totally good at DILR,positive,DILR
I struggling with QA today,negative,QA
I’m totally good at QA,positive,QA
I find VARC overwhelming,positive,VARC
I’m not confident in QA,negative,QA
I’m finding DILR  difficult,negative,DILR
VARC problems are totally excellent,positive,VARC
I find VARC overwhelming,positive,VARC
My QA skills are  prepared,positive,QA
DILR is totally difficult,negative,DILR
I’m totally good at DILR,negative,DILR
My VARC skills are really comfortable,positive,VARC
I’m finding VARC very easy,positive,VARC
I’m very aced with QA,positive,QA
QA is going great,positive,QA
VARC feels a bit tough,negative,VARC
DILR is really lost,negative,DILR
My DILR skills are very excellent,positive,DILR
I need totally more practice in DILR,positive,DILR
I’m totally good at VARC,positive,VARC
QA problems are  solid,positive,QA
I find a bit confident about VARC,positive,VARC
I’m a bit good at QA,negative,QA
I’m somewhat good at DILR,negative,DILR
I need more practice in QA,negative,QA
I’m a bit good at DILR,negative,DILR
My DILR skills are very confused,negative,DILR
I feel really lost about VARC,negative,VARC
VARC is totally confident,positive,VARC
I need somewhat more practice in QA,positive,QA
VARC feels a bit tough,negative,VARC
I need  more practice in DILR,negative,DILR
I’m a bit hard with VARC,negative,VARC
I’m really good at QA,negative,QA
VARC is  hard,negative,VARC
I find  confused about VARC,negative,VARC
I performing DILR is  hard,negative,DILR
QA problems are very comfortable,positive,QA
QA is very confident,positive,QA
I find VARC overwhelming,negative,VARC
I’m finding DILR a bit lost,negative,DILR
I need very more practice in VARC,negative,VARC
I’m  weak with VARC,negative,VARC
My QA skills are very confident,positive,QA
I performing somewhat struggling about VARC,negative,VARC
I struggling with QA today,negative,QA
I’m not confident in QA,negative,QA
VARC problems are totally great,positive,VARC
I’m a bit good at VARC,negative,VARC
I’m confident in QA,positive,QA
I need  more practice in VARC,negative,VARC
I need a bit more practice in DILR,negative,DILR
I doing  difficult about DILR,negative,DILR
I’m  strong with QA,positive,QA
I’m totally good at DILR,positive,DILR
I think somewhat prepared for DILR,negative,DILR
I’m very solid with VARC,positive,VARC
VARC problems are really confused,negative,VARC
I’m confident on DILR,positive,DILR
I am QA is really strong,positive,QA
My DILR skills are a bit strong,positive,DILR
QA problems are really strong,positive,QA
I think VARC is very confused,negative,VARC
QA is really overwhelmed,negative,QA
I’m not confident in QA,negative,QA
I’m totally strong with DILR,positive,DILR
I need  more practice in QA,negative,QA
I’m confident on DILR,positive,DILR
QA is somewhat comfortable,positive,QA
I think very prepared for VARC,negative,VARC
I doing QA is really comfortable,positive,QA
I performing VARC is  tough,negative,VARC
DILR is somewhat struggling,negative,DILR
I’m really strong with VARC,positive,VARC
I find VARC overwhelming,negative,VARC
I’m somewhat good at DILR,negative,DILR
I’m very weak with VARC,negative,VARC
VARC is a bit difficult,negative,VARC
My QA skills are somewhat overwhelmed,negative,QA
I find QA is somewhat confused,negative,QA
QA problems are a bit overwhelmed,negative,QA
I find totally weak about VARC,negative,VARC
QA problems are very confused,negative,QA
I find VARC overwhelming,negative,VARC
My DILR skills are  easy,positive,DILR
I’m finding VARC somewhat excellent,positive,VARC
I think  prepared for QA,positive,QA
My DILR skills are somewhat stuck,negative,DILR
I’m very great with QA,positive,QA
I need  more practice in QA,negative,QA
I need a bit more practice in QA,positive,QA
DILR is a bit strong,positive,DILR
DILR is really tough,negative,DILR
I’m confident in QA,positive,QA
QA problems are  overwhelmed,negative,QA
I’m really not good at DILR,negative,DILR
QA is going not great,negative,QA
I’m finding VARC  strong,positive,VARC
I’m not confident in QA,negative,QA
I doing a bit weak about DILR,negative,DILR
I feel very great about DILR,positive,DILR
My QA skills are somewhat confused,negative,QA
I need more practice in QA,positive,QA
I think QA is really overwhelmed,negative,QA
I’m very struggling with DILR,negative,DILR
I am QA is really stuck,negative,QA
QA is very confident,positive,QA
My DILR skills are totally tough,negative,DILR
I am QA is very tough,negative,QA
I am QA is very tough,negative,QA
I doing totally hard about VARC,negative,VARC
I find a bit prepared for DILR,negative,DILR
I performing VARC is really confused,negative,VARC
I performing totally overwhelmed about DILR,negative,DILR
DILR problems are totally strong,positive,DILR
I find VARC overwhelming,negative,VARC
I’m really good at QA,positive,QA
I think totally easy about QA,positive,QA
I find DILR is really struggling,negative,DILR
VARC is easy,positive,VARC
I’m really good at DILR,positive,DILR
My QA skills are somewhat easy,positive,QA
I struggling with QA today,negative,QA
QA problems are really difficult,negative,QA
I doing  confident about DILR,positive,DILR
I need  more practice in QA,negative,QA
My DILR skills are totally excellent,positive,DILR
QA is very struggling,negative,QA
I doing totally prepared for QA,positive,QA
QA is really hard,negative,QA
QA is somewhat excellent,positive,QA
QA is  solid,positive,QA
I need more practice in QA,positive,QA
I doing very strong about DILR,positive,DILR
DILR is easy,positive,DILR
VARC is a bit confused,negative,VARC
VARC is easy,positive,VARC
I need  more practice in VARC,positive,VARC
DILR problems are totally difficult,negative,DILR
I’m really good at QA,negative,QA
I’m very hard with DILR,negative,DILR
I’m stuck on DILR,negative,DILR
My VARC skills are totally excellent,positive,VARC
I feel DILR is really weak,negative,DILR
I’m finding QA really difficult,negative,QA
DILR is very easy,positive,DILR
I’m a bit good at VARC,negative,VARC
I feel QA is a bit weak,negative,QA
I need really more practice in DILR,negative,DILR
I’m very hard with QA,negative,QA
I think totally stuck about QA,negative,QA
I think QA is  excellent,positive,QA
I need a bit more practice in VARC,negative,VARC
I’m finding QA very confident,positive,QA
My QA skills are totally hard,negative,QA
I feel very excellent about DILR,positive,DILR
I’m finding VARC  tough,negative,VARC
DILR is  aced,positive,DILR
I’m totally excellent with VARC,positive,VARC
VARC is not easy,negative,VARC
I need totally more practice in VARC,positive,VARC
I’m finding QA  easy,positive,QA
I performing really excellent about DILR,positive,DILR
DILR is very struggling,negative,DILR
QA problems are very lost,negative,QA
I feel a bit solid about VARC,positive,VARC
I’m finding DILR a bit strong,positive,DILR
I doing  solid about QA,positive,QA
I’m finding VARC really hard,negative,VARC
I am a bit prepared for VARC,negative,VARC
I think very prepared for DILR,negative,DILR
I’m a bit good at QA,negative,QA
I need more practice in QA,positive,QA
QA problems are totally struggling,negative,QA
DILR problems are a bit stuck,negative,DILR
QA problems are somewhat solid,positive,QA
DILR is really confident,positive,DILR
I’m a bit overwhelmed with VARC,negative,VARC
QA is going not great,negative,QA
My DILR skills are  great,positive,DILR
My VARC skills are totally stuck,negative,VARC
I’m finding QA somewhat struggling,negative,QA
QA is somewhat solid,positive,QA
I performing VARC is totally stuck,negative,VARC
I’m really good at DILR,positive,DILR
I’m very struggling with DILR,negative,DILR
I’m stuck on DILR,negative,DILR
I’m very good at QA,negative,QA
My VARC skills are somewhat difficult,negative,VARC
I’m finding QA totally hard,negative,QA
I doing somewhat prepared for DILR,negative,DILR
I doing very comfortable about VARC,positive,VARC
I’m confident on DILR,positive,DILR
I need more practice in QA,negative,QA
QA is going great,positive,QA
DILR problems are really stuck,negative,DILR
I’m really not good at DILR,negative,DILR
DILR is  great,positive,DILR
QA problems are very stuck,negative,QA
I’m really stuck with QA,negative,QA
I performing DILR is very struggling,negative,DILR
I’m finding QA very confused,negative,QA
QA is really struggling,negative,QA
DILR is a bit confident,positive,DILR
I find VARC overwhelming,negative,VARC
QA is going not great,negative,QA
I find VARC overwhelming,positive,VARC
DILR is very tough,negative,DILR
I aced QA today,positive,QA
I find VARC overwhelming,negative,VARC
VARC feels a bit straightforward,positive,VARC
I find VARC is really lost,negative,VARC
I’m a bit great with DILR,positive,DILR
DILR is totally aced,positive,DILR
VARC is not easy,negative,VARC
I find somewhat tough about QA,negative,QA
I’m really good at DILR,positive,DILR
I need very more practice in QA,negative,QA
I am VARC is somewhat excellent,positive,VARC
My DILR skills are totally easy,positive,DILR
I performing DILR is somewhat tough,negative,DILR
I’m  weak with VARC,negative,VARC
VARC is not easy,negative,VARC
I performing somewhat tough about QA,negative,QA
I’m finding DILR somewhat difficult,negative,DILR
My VARC skills are totally hard,negative,VARC
VARC is  overwhelmed,negative,VARC
I’m really not good at DILR,negative,DILR
I am DILR is very confused,negative,DILR
I’m finding VARC very stuck,negative,VARC
I am DILR is totally aced,positive,DILR
I think VARC is a bit great,positive,VARC
I need totally more practice in DILR,negative,DILR
I’m finding VARC very struggling,negative,VARC
I’m somewhat good at QA,positive,QA
I doing very prepared about QA,positive,QA
I’m very overwhelmed with QA,negative,QA
VARC is really prepared,positive,VARC
DILR is a bit strong,positive,DILR
QA is going great,positive,QA
I am  prepared for QA,positive,QA
I find QA is somewhat lost,negative,QA
I’m totally confident with QA,positive,QA
DILR is hard,negative,DILR
I doing a bit lost about VARC,negative,VARC
VARC feels a bit straightforward,positive,VARC
I’m finding VARC totally prepared,positive,VARC
I’m confident in QA,positive,QA
I’m not confident in QA,negative,QA
VARC feels a bit tough,negative,VARC
My VARC skills are somewhat overwhelmed,negative,VARC
I’m a bit comfortable with QA,positive,QA
I find VARC is a bit confident,positive,VARC
I’m not confident in QA,negative,QA
QA is really hard,negative,QA
I feel very prepared for DILR,negative,DILR
I’m stuck on DILR,negative,DILR
I performing very prepared about QA,positive,QA
I’m a bit good at VARC,positive,VARC
I’m finding VARC really strong,positive,VARC
QA is very tough,negative,QA
I think QA is really easy,positive,QA
DILR is easy,positive,DILR
I think DILR is totally tough,negative,DILR
I need more practice in QA,negative,QA
I doing VARC is very prepared,positive,VARC
I doing QA is a bit excellent,positive,QA
VARC is a bit aced,positive,VARC
I need really more practice in QA,negative,QA
My DILR skills are somewhat prepared,positive,DILR
I think somewhat confused about QA,negative,QA
I am totally prepared for DILR,negative,DILR
I find VARC overwhelming,positive,VARC
I find a bit hard about VARC,negative,VARC
I performing VARC is  solid,positive,VARC
I feel DILR is really difficult,negative,DILR
I need totally more practice in VARC,negative,VARC
VARC feels a bit straightforward,positive,VARC
I am totally confused about VARC,negative,VARC
I feel very prepared for QA,positive,QA
I’m really good at DILR,negative,DILR
I am  comfortable about DILR,positive,DILR
I performing a bit confused about QA,negative,QA
I am QA is  confident,positive,QA
I need more practice in QA,negative,QA
DILR problems are a bit tough,negative,DILR
My DILR skills are totally great,positive,DILR
I’m very good at DILR,negative,DILR
I need a bit more practice in QA,negative,QA
I need really more practice in VARC,negative,VARC
I performing a bit prepared about QA,positive,QA
VARC is easy,positive,VARC
I’m  good at DILR,negative,DILR
I need more practice in QA,positive,QA
I think DILR is really overwhelmed,negative,DILR
I find  confused about QA,negative,QA
I’m really good at DILR,positive,DILR
I am a bit difficult about DILR,negative,DILR
DILR is totally excellent,positive,DILR
I aced QA today,positive,QA
I’m finding QA  lost,negative,QA
I’m really good at DILR,positive,DILR
I performing totally prepared about VARC,positive,VARC
VARC problems are totally tough,negative,VARC
QA is going not great,negative,QA
VARC problems are  stuck,negative,VARC
I struggling with QA today,negative,QA
I’m  confident with QA,positive,QA
I’m somewhat excellent with DILR,positive,DILR
I’m really prepared with DILR,positive,DILR
I feel somewhat strong about DILR,positive,DILR
QA is going not great,negative,QA
DILR problems are a bit prepared,positive,DILR
I’m totally great with QA,positive,QA
I’m a bit good at DILR,negative,DILR
VARC problems are a bit prepared,positive,VARC
I need  more practice in VARC,positive,VARC
My QA skills are totally lost,negative,QA
VARC feels a bit tough,negative,VARC
VARC feels a bit straightforward,positive,VARC
QA problems are totally aced,positive,QA
QA is totally overwhelmed,negative,QA
I doing very prepared for VARC,positive,VARC
My DILR skills are somewhat hard,negative,DILR
I’m a bit overwhelmed with VARC,negative,VARC
I need  more practice in VARC,negative,VARC
I’m somewhat solid with QA,positive,QA
I’m  good at QA,negative,QA
I need totally more practice in DILR,negative,DILR
I performing QA is somewhat easy,positive,QA
My VARC skills are really great,positive,VARC
DILR is very overwhelmed,negative,DILR
DILR problems are really great,positive,DILR
I’m a bit good at DILR,negative,DILR
QA is really struggling,negative,QA
VARC is  confused,negative,VARC
My QA skills are  overwhelmed,negative,QA
I feel QA is totally confused,negative,QA
I performing  lost about DILR,negative,DILR
I’m finding DILR totally weak,negative,DILR
I need really more practice in QA,positive,QA
I’m  good at DILR,negative,DILR
I’m somewhat good at QA,positive,QA
My QA skills are  difficult,negative,QA
I think totally prepared for QA,negative,QA
VARC is somewhat easy,positive,VARC
My VARC skills are totally easy,positive,VARC
I’m finding QA really solid,positive,QA
DILR is totally stuck,negative,DILR
I need somewhat more practice in QA,negative,QA
I’m very confused with VARC,negative,VARC
I find a bit prepared for VARC,positive,VARC
I think somewhat prepared for VARC,negative,VARC
I’m totally weak with DILR,negative,DILR
QA is very prepared,positive,QA
My VARC skills are  strong,positive,VARC
QA is very easy,positive,QA
I’m really good at DILR,positive,DILR
I’m finding DILR  tough,negative,DILR
I doing somewhat prepared for QA,negative,QA
I’m not confident in QA,negative,QA
My QA skills are very strong,positive,QA
VARC feels a bit tough,negative,VARC
I’m finding QA totally difficult,negative,QA
I’m totally comfortable with VARC,positive,VARC
I think really stuck about DILR,negative,DILR
I’m very good at VARC,negative,VARC
I need more practice in QA,negative,QA
VARC feels a bit tough,negative,VARC
I find VARC overwhelming,negative,VARC
I’m a bit strong with VARC,positive,VARC
I’m not confident in QA,negative,QA
I’m  good at DILR,positive,DILR
DILR is easy,positive,DILR
I performing QA is very weak,negative,QA
DILR is hard,negative,DILR
VARC feels a bit straightforward,positive,VARC
QA is a bit difficult,negative,QA
I’m stuck on DILR,negative,DILR
I am a bit strong about QA,positive,QA
I’m finding VARC  strong,positive,VARC
QA is somewhat lost,negative,QA
I’m really good at DILR,positive,DILR
QA is a bit difficult,negative,QA
I performing VARC is very excellent,positive,VARC
I’m somewhat good at VARC,positive,VARC
I’m really not good at DILR,negative,DILR
I am DILR is  hard,negative,DILR
I’m very good at VARC,negative,VARC
I’m very good at DILR,negative,DILR
QA is very confused,negative,QA
I need very more practice in QA,negative,QA
I find  prepared for DILR,negative,DILR
I’m  good at QA,negative,QA
My QA skills are really strong,positive,QA
I am QA is a bit strong,positive,QA
I doing VARC is very lost,negative,VARC
I think VARC is somewhat tough,negative,VARC
I find really overwhelmed about VARC,negative,VARC
I’m confident in QA,positive,QA
I’m finding VARC a bit confused,negative,VARC
QA problems are somewhat strong,positive,QA
I am QA is a bit lost,negative,QA
I’m finding VARC  tough,negative,VARC
I feel very excellent about VARC,positive,VARC
I’m a bit good at VARC,positive,VARC
QA is going great,positive,QA
I feel  strong about QA,positive,QA
I need a bit more practice in QA,positive,QA
I performing DILR is  prepared,positive,DILR
VARC is not easy,negative,VARC
I need very more practice in VARC,negative,VARC
I find QA is totally easy,positive,QA
My QA skills are  excellent,positive,QA
I need really more practice in DILR,positive,DILR
My QA skills are totally confused,negative,QA
DILR problems are very overwhelmed,negative,DILR
I’m finding QA very comfortable,positive,QA
I’m confident in QA,positive,QA
I’m confident on DILR,positive,DILR
My VARC skills are very hard,negative,VARC
I think totally excellent about DILR,positive,DILR
I’m a bit good at DILR,positive,DILR
I doing a bit prepared for VARC,negative,VARC
I need somewhat more practice in VARC,negative,VARC
I’m  good at QA,negative,QA
I think  prepared for VARC,positive,VARC
I am totally overwhelmed about VARC,negative,VARC
I am  comfortable about QA,positive,QA
I’m somewhat aced with VARC,positive,VARC
QA is somewhat excellent,positive,QA
I need more practice in QA,negative,QA
I need more practice in QA,negative,QA
QA problems are really weak,negative,QA
I’m stuck on DILR,negative,DILR
I’m somewhat solid with QA,positive,QA
My DILR skills are  overwhelmed,negative,DILR
VARC is easy,positive,VARC
I’m finding QA  confused,negative,QA
I doing very solid about VARC,positive,VARC
I feel QA is  stuck,negative,QA
VARC is easy,positive,VARC
I performing DILR is totally aced,positive,DILR
DILR is totally confused,negative,DILR
VARC is really aced,positive,VARC
I performing very easy about VARC,positive,VARC
I doing somewhat prepared for QA,negative,QA
I find DILR is really strong,positive,DILR
My QA skills are very prepared,positive,QA
QA is somewhat confident,positive,QA
DILR problems are very prepared,positive,DILR
I am DILR is somewhat hard,negative,DILR
VARC problems are totally aced,positive,VARC
QA problems are very solid,positive,QA
I feel QA is a bit difficult,negative,QA
VARC problems are totally overwhelmed,negative,VARC
I need more practice in QA,negative,QA
I’m really easy with VARC,positive,VARC
I find VARC is somewhat confident,positive,VARC
I’m totally good at DILR,positive,DILR
I find QA is very great,positive,QA
I’m very aced with QA,positive,QA
DILR problems are totally lost,negative,DILR
I think totally weak about QA,negative,QA
VARC is easy,positive,VARC
I’m very good at QA,positive,QA
QA is going great,positive,QA
I struggling with QA today,negative,QA
QA problems are totally confused,negative,QA
I’m really good at DILR,positive,DILR
I’m really difficult with DILR,negative,DILR
My DILR skills are really hard,negative,DILR
VARC is totally difficult,negative,VARC
I need more practice in QA,positive,QA
I’m somewhat weak with VARC,negative,VARC
VARC is really lost,negative,VARC
I am somewhat prepared for VARC,positive,VARC
QA is going not great,negative,QA
I’m a bit prepared with DILR,positive,DILR
I think VARC is really stuck,negative,VARC
VARC is easy,positive,VARC
I feel  hard about VARC,negative,VARC
I’m a bit solid with QA,positive,QA
My QA skills are a bit excellent,positive,QA
My VARC skills are  stuck,negative,VARC
QA is going great,positive,QA
I’m not confident in QA,negative,QA
I’m confident in QA,positive,QA
My DILR skills are very aced,positive,DILR
I’m finding QA really aced,positive,QA
VARC feels a bit straightforward,positive,VARC
I feel QA is  comfortable,positive,QA
I’m very solid with QA,positive,QA
I’m a bit prepared with VARC,positive,VARC
VARC problems are  excellent,positive,VARC
My VARC skills are very easy,positive,VARC
I’m very excellent with VARC,positive,VARC
My VARC skills are  solid,positive,VARC
QA problems are somewhat prepared,positive,QA
I’m finding VARC really difficult,negative,VARC
I’m really strong with DILR,positive,DILR
DILR is easy,positive,DILR
